"","ratio_pc_01","ratio_pc_02","ratio_pc_03","ratio_pc_04","ratio_pc_05","ratio_pc_06","ratio_pc_07","ratio_pc_08","ratio_pc_09","ratio_pc_10","ratio_pc_11"
"GEMINI_score",0.342823812289672,0.408330749685322,0.0732728585694813,0.0183109632860272,0.0166951499208033,0.0309637003924432,0.101781626739965,0.0171511872593268,0.0272386683730521,0.00699869077666999,0.0474302522189685
"olink_CEA",0.309182465177664,0.332106207544727,0.052198091233002,0.0128679699204109,0.0696000074924609,0.0595484928280789,0.100698085479119,0.0371497880328744,0.18398099285581,0.133046309244495,0.0724010612100221
"olink_MMP12",0.414363173408741,0.476340096007062,0.0578145889798028,0.0608596512874022,0.087296536998732,0.0124207148669147,0.138234501961622,0.139564618166982,0.139797603424449,0.0469661210744518,0.0448272446285557
"olink_CD4",0.17796610736583,0.114157087258844,0.00507849473681804,0.0327238497311797,0.0344574796348064,0.0671252592797457,0.0996548423756042,0.053021199421814,0.0421709756948169,0.0897159040255424,0.0238963471745699
"olink_CD5",0.00889196820199803,0.0386896108974001,0.0205386661574068,0.00689644056217103,0.0402400144175655,0.0782782345819275,0.0109370525892713,0.163218527511617,0.0493102750071599,0.0250564179500098,0.0444201254365292
"olink_CD8A",0.0303515690769533,0.00260421501637962,0.0950643464141906,0.0545292137054495,0.0374384110985812,0.0126493639082007,0.102461280666933,0.155259090422167,0.00146129154089294,0.0106154534079475,0.0928398834754341
"olink_CD27",0.0119991352829263,0.01090834367377,0.00257730013058343,0.0973756668677186,0.0553903623815591,0.0411413987670909,0.0685499558509914,0.201319695360757,0.0568864826668255,0.0248336534726565,0.00319833039352764
"olink_CD28",0.0242297959898855,0.0638520963370082,0.00273375725598877,0.0340346433389503,0.0503110933297279,0.0784284888921062,0.00588548878616821,0.171396048547424,0.0216887345630129,0.0293462258353102,0.061002222957891
"olink_CRTAM",0.0577689261045478,0.0249057800595826,0.0721476517635385,0.0392132589307459,0.0209624737732628,0.0914449241952045,0.014387661089588,0.159485330463919,0.0749845395777157,0.0079629582929856,0.0157726958055045
"olink_CD40",0.0104953116358079,0.0188886291114475,0.0960679255156647,0.147517403332233,0.0427788565040748,0.0585218182395856,0.113030386371827,0.1364646400118,0.00476086821195878,0.0374755560298373,0.0551819153745933
"olink_CD83",0.0404240512948848,0.00336047653268855,0.0331426787781333,0.067079245760741,0.0554350901895593,0.163314687951239,0.0690283101433867,0.172370926804486,0.0662718216069841,0.0313764222139368,0.0270433367861675
"olink_LAMP3",0.0155753025116833,0.0164952721252179,0.0323043066626312,0.0147046477696288,0.00701252153420514,0.0377828573995974,0.0332703472347699,0.0911240444097196,0.0769257543740304,0.00328056110682541,0.00509840119482258
"olink_NCR1",0.0494353324222337,0.063856933223996,0.0363859968082211,0.0630825760731975,0.0499354132493539,0.0714048586611713,0.100670933887183,0.183532967511705,0.0100999065736204,0.0210429879782479,0.0318145864987951
"olink_KLRD1",0.109152566198083,0.107270346760143,0.0873460518326076,0.0328179942339045,0.034529661807539,0.0180362545954524,0.0494818813982546,0.0845676801290435,0.072471544976633,0.0146399992062589,0.0111263403780471
"olink_PD_L1",0.0255352003209531,0.0198061327892759,0.0261362844629413,0.0606463545436418,0.00662642771430855,0.0068106108330677,0.0600941398861387,0.166021021861113,0.0839439488245086,0.0427813030135543,0.0822187078017956
"olink_PD_L2",0.0100241475337932,0.00725153845510776,0.0236910227232468,0.0768818203352507,0.0174070684060275,0.098597839407757,0.008496631507229,0.0256689877102485,0.0186237920968189,0.0142768301240181,0.0685930957101791
"olink_PDCD1",0.0272671104029968,0.0527006628554339,0.00687226866703692,0.0151475766636241,0.0263373350910186,0.0447328265811247,0.0344917511032507,0.134226733757275,0.0589250084616854,0.00096556189055848,0.0461640911795256
"olink_ICOSLG",0.108448954141984,0.178024504450455,0.0474157435021105,0.0452177256937597,0.00266855886019701,0.0550820031773278,0.0188778278009231,0.0628008306766668,0.0198877415381285,0.0143171819825948,0.05450827872153
"olink_GZMA",0.106683130239041,0.0962149883240556,0.154672033428664,0.0211195000430124,0.0499257237691343,0.0629402907117819,0.0489370405894161,0.193621238782765,0.0510139156299554,0.0263569459600396,0.0823085141880953
"olink_GZMB",0.0388903821690855,0.0199939331311527,0.100717936518661,0.112265956558147,0.0193865986587548,0.117393299768661,0.0165735487905941,0.184878701269721,0.044615977981082,0.0312645485200721,0.059560115577848
"olink_GZMH",0.0503837455914736,0.0112334959890927,0.148955163649669,0.088316395563592,0.0205360926258909,0.0434378931643795,0.014928886984928,0.198101896732785,0.0101089559715636,0.0205319177961433,0.0388703209126915
"olink_VEGFA",0.0838763657483024,0.118583936718031,0.0792695454269814,0.0493663947333901,0.00716387403241367,0.0498314200781906,0.0818973806776626,0.125692527351069,0.0755932817204824,0.0771236587610679,0.068357347342227
"olink_VEGFC",0.151973312772518,0.18668253475468,0.0467304093695442,0.0697920590392937,0.0314371439332053,0.062110166441118,0.0571894810145439,0.0153274218828964,0.00556657988632934,0.00400235328196954,0.0901146909427798
"olink_VEGFR_2",0.0497563814360401,0.0653312288909006,0.0359055595948998,0.0257002123576508,0.0866280169497018,0.160550517151932,0.01096529298312,0.0868006418336307,0.0228416668432303,0.017045181709828,0.011297340743955
"olink_ANG_1",0.0572364779699723,0.0776208059161243,0.00266046781650741,0.0206864134866562,0.0747043468523784,0.0226195521938272,0.13563300911142,0.0553311449580817,0.0401996244255424,0.00239319046005925,0.0597456741480044
"olink_ANGPT2",0.163753742135933,0.158505428254978,0.0276923711144022,0.0260553120862238,0.0682152414318948,0.134347779155323,0.194147757850226,0.1282511955241,0.0930325329159186,0.0230417878574219,0.0434921424512385
"olink_TIE2",0.0137610373634998,0.0357201069532882,0.0378884246959217,0.103353100016768,0.00783538420667297,0.0396389312895278,0.0194664548461689,0.179212399877066,0.00377374200411027,0.0849453064313682,0.0595044755354581
"olink_PGF",0.0661809965981431,0.0546138905141918,0.0151677787684886,0.0890109973862826,0.0240666404099598,0.00234965118013745,0.0905177518788156,0.200490650254671,0.0920171646713393,0.0328958274973853,0.026777862841606
"olink_NOS3",0.124889563124087,0.130937726444825,0.0320738812631052,0.0429928422013351,0.0401910641578802,0.208763833861114,0.103379721645216,0.0863289854806752,0.0674068116599013,0.0214168019719663,0.0382932196372529
"olink_TRAIL",0.0867489578307042,0.155890301140559,0.00511707564781804,0.0409984970029111,0.0530052400720511,0.158105220508116,0.0433983212690836,0.115788287494682,0.0357072659543834,0.0139323280941465,0.00226844904358179
"olink_FASLG",0.190659558121781,0.229454242985676,0.0111409532636257,0.061966505377411,0.0512252933253021,0.221342679556759,0.0612814780932568,0.162810637007525,0.0765735359982595,0.00580727546105215,0.0158608179612012
"olink_TWEAK",0.124064547973486,0.140786962653177,0.00193990286191148,0.00412527025592304,0.0385761746548906,0.163858144536855,0.0415914267759258,0.116729067781762,0.0360697949220632,0.0592523202222672,0.0798930708094986
"olink_CASP_8",0.0261830828779923,0.026000469999946,0.0463545384728,0.0309832819146629,0.238703174324141,0.0155479734810891,0.171977994263027,0.0607312106900378,0.0840934845466301,0.137580929331563,0.020438008079263
"olink_IL2",0.128213483499445,0.0995981317104433,0.0269338804542378,0.113012351879273,0.0534239022263294,0.015173616305648,0.0848489943929818,0.0486856720602187,0.0265909257543197,0.0372251685713702,0.0456543649109665
"olink_IL4",0.0358116648467286,0.034090953799417,0.00497949595740309,0.0490576894507481,7.41465373527444e-05,0.0869130106869931,0.0279130284661697,0.0621012982814461,0.0593691543743332,0.0348592431485577,0.0243192443805655
"olink_IL5",0.032738754668566,0.00709476175153503,0.0166180321044324,0.0206730386907541,0.0983240063590584,0.0638273481580681,0.035355023087005,0.0206483763378142,0.0132300174989584,0.0928967012581026,0.0175859966629415
"olink_IL6",0.192810456275626,0.266983495529136,0.106777152206367,0.110273646385808,0.0302647509085931,0.122927218867922,0.101162691617931,0.112283067737523,0.0484165171219078,0.00717324603244097,0.0658300147197326
"olink_IL7",0.0078477945944678,0.0201305766129197,0.0325845604652922,0.0924565914048823,0.039132976187851,0.141554463052214,0.0653522745218469,0.0446076977884154,0.0609686200492159,0.00704617652395728,0.0461275183134343
"olink_IL8",0.120779040933821,0.099742114425774,0.0521157517167182,0.0288464142295241,0.147574679793082,0.100073165409644,0.102067035840545,0.0808913095380848,0.0601199527932899,0.100120749975226,0.0392659888917468
"olink_IL10",0.0820607778392876,0.117390524618743,0.100127622169324,0.0812673997179655,0.00676341912101838,0.0992292649075971,0.0530819719224087,0.133519816343132,0.0841607419189498,0.0392253206443453,0.0114984706668263
"olink_IL12",0.00330785489289615,0.0314714339644758,0.0197491209920954,0.0978370049335786,0.0978537316715605,0.222516304083674,0.0964674912779782,0.156577753160407,0.0640174321940878,0.122832126748553,0.0875034618493878
"olink_IL13",0.0984776343518583,0.0799047125157115,0.0398210429868969,0.0140726194033032,0.179775805869311,0.0124809109303826,0.0494142964918399,0.0255860614578989,0.157634508246144,0.00297910036222307,0.0403382643302726
"olink_IL18",0.0321892993154379,0.00608577552198203,0.101800850893434,0.0237693165671609,0.0215559893451179,0.0453960319259039,0.032892057580781,0.139733967877563,0.0113943850734646,0.0350844996686942,0.0100167065704476
"olink_IL33",0.0197938025372464,0.0374457293629701,0.0150154231419747,0.0443312776673487,0.0562616734932384,0.103945393170682,0.0142612471731048,0.0724185472332296,0.0366173557873895,0.0262838346507776,0.100435974219454
"olink_IL_1_alpha",0.0373298967098792,7.03406719358736e-05,0.1084968956565,0.107169476219116,0.0331558284691483,0.113319877101977,0.0669732717984549,0.0542464363441878,0.101086727495569,0.0376100851239621,0.0838026382790064
"olink_IL_21",0.140548174881968,0.141412348321357,0.023435054578886,0.0414207571361182,0.0946369525655009,0.00983414025249386,0.150876720873527,0.0797895622717069,0.0322172035644652,0.0630616543764277,0.0116915576838257
"olink_IL_35",0.0421718507702326,0.013156621813964,0.0643829314088638,0.0542111422143954,0.061481198694226,0.0147516934044256,0.0840855292489246,0.0558329642452686,0.045840705036746,0.0192131098387886,0.163259405845419
"olink_IL12RB1",0.0107175854826462,0.00876622735085286,0.0849025830231864,0.0216982505387774,0.047735175736988,0.00522210990510911,0.077348137540027,0.125898201953128,0.025465588417005,0.0180698680723141,0.0101049287682643
"ichor",0.747286259317113,0.700894231480829,0.0299434103828861,0.210312674916629,0.133059327874342,0.0806719216113252,0.0866868201994737,0.0608140319953774,0.0269717630572577,0.000823192003704388,0.00947636555579562
