"feature","estimate","std.error","statistic","p.value","odds_ratio_sd","conf.low","conf.high","n","display_label","q.value","sig_primary","sig_secondary","sig_flag","yval","cutoff_y_primary","cutoff_y_secondary","cutoff_y","Protein","log10_pvalue","suggested_symbol","Gene","gene_biotype","Gene_core",".match_type"
"clinical_CEA",2.08666701663663,0.468073143177138,4.45799347185992,8.27304209598584e-06,8.05801313348282,3.64634868390884,22.9973970562802,287,"CEA (CEACAM5)",0.000630418314092108,TRUE,FALSE,TRUE,3.20037117877736,1.30102999566398,1,1.30102999566398,"CEA (CEACAM5)",5.08233476583244,"CEACAM5","ENSG00000105388","protein_coding","ENSG00000105388","id"
"olink_MMP12",0.923852771899547,0.212335538666007,4.35090978035815,1.3557383098755e-05,2.51897676114593,1.70030656022964,3.9222951608749,219,"MMP12",0.000630418314092108,TRUE,FALSE,TRUE,3.20037117877736,1.30102999566398,1,1.30102999566398,"MMP12",4.86782413166732,"MMP12","ENSG00000262406","protein_coding","ENSG00000262406","id"
"olink_FASLG",-0.743533026012332,0.195615295084965,-3.80099636733098,0.000144115415151888,0.475431233875972,0.317667647126291,0.686295820750881,219,"FASLG",0.00446757786970852,TRUE,FALSE,TRUE,2.34992786902042,1.30102999566398,1,1.30102999566398,"FASLG",3.84128956285469,"FASLG","ENSG00000117560","protein_coding","ENSG00000117560","id"
"olink_IL12",-0.577604886749574,0.175256145018304,-3.29577537317878,0.000981504589565127,0.561240993792346,0.392008034736469,0.781826475952004,219,"IL12",0.0228199817073892,TRUE,FALSE,TRUE,1.64168470805028,1.30102999566398,1,1.30102999566398,"IL12",3.00810766527625,"IL12A","ENSG00000168811","protein_coding","ENSG00000168811","id"
"olink_PDCD1",-0.5551629025131,0.174975581023461,-3.17280216625577,0.00150975362482093,0.573978750999116,0.401278967239847,0.799086100597236,219,"PDCD1",0.0280814174216692,TRUE,FALSE,TRUE,1.55158097478748,1.30102999566398,1,1.30102999566398,"PDCD1",2.8210939190054,"PDCD1","ENSG00000276977","protein_coding","ENSG00000188389","symbol"
"olink_IL6",0.523924195975575,0.172219166759722,3.04219446553558,0.0023486011082384,1.68864122382609,1.21555546909675,2.39264936527314,219,"IL6",0.0326735244694223,TRUE,FALSE,TRUE,1.48580401596646,1.30102999566398,1,1.30102999566398,"IL6",2.62919073852318,"IL6","ENSG00000136244","protein_coding","ENSG00000136244","id"
"olink_ICOSLG",-0.596365957494509,0.196930613467245,-3.02830498008733,0.0024592975407092,0.550809669176796,0.368123914459318,0.798434954284989,219,"ICOSLG",0.0326735244694223,TRUE,FALSE,TRUE,1.48580401596646,1.30102999566398,1,1.30102999566398,"ICOSLG",2.60918892450614,"ICOSLG","ENSG00000160223","protein_coding","ENSG00000160223","id"
"olink_CD28",-0.52996365065735,0.178779260615114,-2.96434636117153,0.00303326666643921,0.588626365470942,0.40667460753409,0.822621609511214,219,"CD28",0.0352617249973558,TRUE,FALSE,TRUE,1.4526964459077,1.30102999566398,1,1.30102999566398,"CD28",2.51808940746969,"CD28","ENSG00000178562","protein_coding","ENSG00000178562","id"
"olink_CRTAM",-0.489437265546472,0.170559452485368,-2.86959918324351,0.00410992412730775,0.612971237181982,0.433285896675916,0.848074768130312,219,"CRTAM",0.04246921598218,TRUE,FALSE,TRUE,1.37192575638054,1.30102999566398,1,1.30102999566398,"CRTAM",2.38616619549515,"CRTAM","ENSG00000109943","protein_coding","ENSG00000109943","id"
"olink_GZMA",-0.441902610175581,0.163574653516726,-2.70153474682674,0.00690202680798979,0.642812235777941,0.461471877885955,0.878865102768868,219,"GZMA",0.064188849314305,FALSE,TRUE,TRUE,1.19254040965498,1.30102999566398,1,1.30102999566398,"GZMA",2.16102335820892,"GZMA","ENSG00000145649","protein_coding","ENSG00000145649","id"
"olink_GZMH",-0.446204847046444,0.170964229441219,-2.60993102770576,0.00905604794781062,0.640052645737638,0.452392891589368,0.887015376569974,219,"GZMH",0.0718129311933389,FALSE,TRUE,TRUE,1.14379734628339,1.30102999566398,1,1.30102999566398,"GZMH",2.0430612867505,"GZMH","ENSG00000100450","protein_coding","ENSG00000100450","id"
"olink_IL12RB1",-0.430445236501454,0.165423900704705,-2.60207403324284,0.00926618467010825,0.650219528797261,0.463432012192508,0.890356361012499,219,"IL12RB1",0.0718129311933389,FALSE,TRUE,TRUE,1.14379734628339,1.30102999566398,1,1.30102999566398,"IL12RB1",2.0330990487897,"IL12RB1","ENSG00000096996","protein_coding","ENSG00000096996","id"
"olink_CD244",-0.425149932319851,0.167277160406604,-2.5415898457771,0.0110349581008236,0.653671771257222,0.46488655630342,0.898753535277549,219,"CD244",0.0789423925674303,FALSE,TRUE,TRUE,1.10268971524623,1.30102999566398,1,1.30102999566398,"CD244",1.95722931149332,"CD244","ENSG00000122223","protein_coding","ENSG00000122223","id"
"olink_CCL23",0.389014217917272,0.167768648714054,2.31875395611197,0.0204083810818692,1.47552553008384,1.07003497609453,2.07280838144586,219,"CCL23",0.116773012343856,FALSE,FALSE,FALSE,0.932657516336837,1.30102999566398,1,1.30102999566398,"CCL23",1.69019144482321,"CCL23","ENSG00000276114","protein_coding","ENSG00000274736","symbol"
"olink_NOS3",0.358064077527488,0.154445950421137,2.31837789564008,0.0204287922999734,1.43055728411677,1.06022505130336,1.94956114086853,219,"NOS3",0.116773012343856,FALSE,FALSE,FALSE,0.932657516336837,1.30102999566398,1,1.30102999566398,"NOS3",1.6897573070318,"NOS3","ENSG00000164867","protein_coding","ENSG00000164867","id"
"olink_CD83",-0.382945720646192,0.165246447490267,-2.31742180520249,0.0204807656695658,0.681849908653995,0.487467725645973,0.935096054410154,219,"CD83",0.116773012343856,FALSE,FALSE,FALSE,0.932657516336837,1.30102999566398,1,1.30102999566398,"CD83",1.68865381137533,"CD83","ENSG00000112149","protein_coding","ENSG00000112149","id"
"olink_DCN",-0.408931719282787,0.177656201838522,-2.30181505092898,0.0213456044069413,0.664359593723092,0.463758162342145,0.93408775118296,219,"DCN",0.116773012343856,FALSE,FALSE,FALSE,0.932657516336837,1.30102999566398,1,1.30102999566398,"DCN",1.6706915435125,"DCN","ENSG00000011465","protein_coding","ENSG00000011465","id"
"olink_TRAIL",-0.373788232120388,0.164741853997996,-2.26893301883645,0.0232723994221117,0.688122618668289,0.494517266359596,0.945838915587333,219,"TRAIL",0.120240730347577,FALSE,FALSE,FALSE,0.919948394489017,1.30102999566398,1,1.30102999566398,"TRAIL",1.63315883793965,"TNFSF10","ENSG00000121858","protein_coding","ENSG00000121858","id"
"olink_IL10",0.362316259984625,0.163519915375899,2.21573169941859,0.0267098825612817,1.43665322604781,1.05311119960267,2.00538883146274,219,"IL10",0.127943947648336,FALSE,FALSE,FALSE,0.892980253466516,1.30102999566398,1,1.30102999566398,"IL10",1.5733280214919,"IL10","ENSG00000136634","protein_coding","ENSG00000136634","id"
"olink_CD5",-0.357583238632725,0.163322194853557,-2.18943444247337,0.0285652785762446,0.69936448237654,0.503122880262351,0.957362080237799,219,"CD5",0.127943947648336,FALSE,FALSE,FALSE,0.892980253466516,1.30102999566398,1,1.30102999566398,"CD5",1.54416153622672,"CD5","ENSG00000110448","protein_coding","ENSG00000110448","id"
"olink_GZMB",-0.37437180284888,0.17139990376168,-2.18420077627009,0.0289474979199446,0.68772116759936,0.485988720556516,0.954159654814255,219,"GZMB",0.127943947648336,FALSE,FALSE,FALSE,0.892980253466516,1.30102999566398,1,1.30102999566398,"GZMB",1.53838896860397,"GZMB","ENSG00000100453","protein_coding","ENSG00000100453","id"
"olink_KLRD1",-0.362185546543764,0.167168656732086,-2.16658764641641,0.0302663101963805,0.696153187039831,0.497032465716727,0.960141897412129,219,"KLRD1",0.127943947648336,FALSE,FALSE,FALSE,0.892980253466516,1.30102999566398,1,1.30102999566398,"KLRD1",1.51904052119824,"KLRD1","ENSG00000134539","protein_coding","ENSG00000134539","id"
"olink_ARG1",0.344887079855926,0.16441943801318,2.09760527114975,0.0359400290761912,1.41183048656427,1.02852100449917,1.96454234591895,219,"ARG1",0.145322726264599,FALSE,FALSE,FALSE,0.837666463337773,1.30102999566398,1,1.30102999566398,"ARG1",1.44442157587412,"ARG1","ENSG00000118520","protein_coding","ENSG00000118520","id"
"olink_VEGFA",0.321280187548116,0.157220907620358,2.04349531122102,0.0410034310535338,1.37889187510742,1.01738485036484,1.88950671280465,219,"VEGFA",0.158888295332443,FALSE,FALSE,FALSE,0.798908094358133,1.30102999566398,1,1.30102999566398,"VEGFA",1.38717980120046,"VEGFA","ENSG00000112715","protein_coding","ENSG00000112715","id"
"olink_LAMP3",-0.331772393297223,0.166768007657192,-1.98942469816641,0.0466543457747016,0.71765064636434,0.513255058966898,0.990467283995589,219,"LAMP3",0.17355416628189,FALSE,FALSE,FALSE,0.760564956342803,1.30102999566398,1,1.30102999566398,"LAMP3",1.3311078962247,"LAMP3","ENSG00000078081","protein_coding","ENSG00000078081","id"
"olink_CXCL1",0.303552563284507,0.164454406468649,1.8458159304012,0.0649189367135201,1.35466279459655,0.98854004147032,1.89009043795183,219,"CXCL1",0.226432921987111,FALSE,FALSE,FALSE,0.645060429083257,1.30102999566398,1,1.30102999566398,"CXCL1",1.18762860195783,"CXCL1","ENSG00000163739","protein_coding","ENSG00000163739","id"
"olink_CXCL10",-0.301803553037516,0.165251859236228,-1.82632470480158,0.0678013660835857,0.739483319873611,0.529318381920053,1.01544392604463,219,"CXCL10",0.226432921987111,FALSE,FALSE,FALSE,0.645060429083257,1.30102999566398,1,1.30102999566398,"CXCL10",1.16876155574081,"CXCL10","ENSG00000169245","protein_coding","ENSG00000169245","id"
"olink_MCP_1",-0.288556900663469,0.158212263268772,-1.82385925529216,0.0681733528563344,0.749344165754211,0.545269187453515,1.01729263460528,219,"MCP_1",0.226432921987111,FALSE,FALSE,FALSE,0.645060429083257,1.30102999566398,1,1.30102999566398,"MCP_1",1.16638534629497,"MCP_1",NA,NA,NA,"unmatched"
"olink_CXCL11",-0.278055276254383,0.157526352998166,-1.76513498193931,0.0775410826617033,0.757254962139511,0.551891517599621,1.02697437816682,219,"CXCL11",0.248666230604773,FALSE,FALSE,FALSE,0.604383188826513,1.30102999566398,1,1.30102999566398,"CXCL11",1.11046813948149,"CXCL11","ENSG00000169248","protein_coding","ENSG00000169248","id"
"olink_IL7",0.273528656567761,0.158237605238228,1.72859451554491,0.0838816919062206,1.31459503045386,0.969025465963914,1.80730336631882,219,"IL7",0.253350589271792,FALSE,FALSE,FALSE,0.596278081240332,1.30102999566398,1,1.30102999566398,"IL7",1.07633281833396,"IL7","ENSG00000104432","protein_coding","ENSG00000104432","id"
"olink_IL18",-0.276124429986246,0.16116215735552,-1.71333292205268,0.086651308973173,0.758718517552742,0.549588876909366,1.03697683451139,219,"IL18",0.253350589271792,FALSE,FALSE,FALSE,0.596278081240332,1.30102999566398,1,1.30102999566398,"IL18",1.06222487235535,"IL18","ENSG00000150782","protein_coding","ENSG00000150782","id"
"olink_HGF",0.288346336997819,0.168574801093921,1.71049489678571,0.0871743963085736,1.33421931362479,0.966400436576931,1.87784698897001,219,"HGF",0.253350589271792,FALSE,FALSE,FALSE,0.596278081240332,1.30102999566398,1,1.30102999566398,"HGF",1.05961105147436,"HGF","ENSG00000019991","protein_coding","ENSG00000019991","id"
"olink_TWEAK",-0.256794237374398,0.152782048298959,-1.68078802603766,0.0928040952662482,0.773527360412325,0.569604225717936,1.040503298791,219,"TWEAK",0.261538813932154,FALSE,FALSE,FALSE,0.582463850101955,1.30102999566398,1,1.30102999566398,"TWEAK",1.032432858778,"TNFSF12","ENSG00000239697","protein_coding","ENSG00000239697","id"
"olink_TNFSF14",0.270870759645836,0.162989434767968,1.66189152095317,0.0965345270940031,1.31110561168077,0.956614388209221,1.81828328853209,219,"TNFSF14",0.264050324110067,FALSE,FALSE,FALSE,0.578313295097935,1.30102999566398,1,1.30102999566398,"TNFSF14",1.01531732660962,"TNFSF14","ENSG00000125735","protein_coding","ENSG00000125735","id"
"olink_CCL19",-0.25439998920421,0.158509488878174,-1.60495116730668,0.108504551765569,0.775381595743585,0.565072738848209,1.05498498657477,219,"CCL19",0.28019374112505,FALSE,FALSE,FALSE,0.552541570068133,1.30102999566398,1,1.30102999566398,"CCL19",0.964552042781299,"CCL19","ENSG00000172724","protein_coding","ENSG00000172724","id"
"olink_NCR1",-0.255203447247614,0.160621579141561,-1.58884907377666,0.112094470953599,0.774758859368552,0.561164127500185,1.05667841996661,219,"NCR1",0.28019374112505,FALSE,FALSE,FALSE,0.552541570068133,1.30102999566398,1,1.30102999566398,"NCR1",0.950415808400224,"NCR1","ENSG00000277442","protein_coding","ENSG00000189430","symbol"
"olink_IL_35",-0.264656512085792,0.168351255246244,-1.57204953238207,0.115939064349812,0.767469521211556,0.547796721287748,1.06498915549572,218,"IL_35",0.28019374112505,FALSE,FALSE,FALSE,0.552541570068133,1.30102999566398,1,1.30102999566398,"IL_35",0.935770208789755,"IL_35",NA,NA,NA,"unmatched"
"olink_CXCL13",0.253509429958944,0.161500229310591,1.56971560375561,0.116481289429598,1.28853953030287,0.944439317226325,1.78436781166279,219,"CXCL13",0.28019374112505,FALSE,FALSE,FALSE,0.552541570068133,1.30102999566398,1,1.30102999566398,"CXCL13",0.933743830432654,"CXCL13","ENSG00000156234","protein_coding","ENSG00000156234","id"
"olink_HO_1",-0.24506958409851,0.156558857498735,-1.56535112745371,0.117500601116956,0.782650076347038,0.572942221370147,1.06169004326987,219,"HO_1",0.28019374112505,FALSE,FALSE,FALSE,0.552541570068133,1.30102999566398,1,1.30102999566398,"HO_1",0.929959911595569,"HO_1",NA,NA,NA,"unmatched"
"olink_IL8",0.250710427845601,0.163184750027334,1.53635941963698,0.124450253675747,1.28493794820374,0.93594087511624,1.77923613025421,219,"IL8",0.289346839796113,FALSE,FALSE,FALSE,0.538581256575377,1.30102999566398,1,1.30102999566398,"IL8",0.90500421380135,"CXCL8","ENSG00000169429","protein_coding","ENSG00000169429","id"
"olink_ANGPT2",0.244238420936864,0.161971874607306,1.50790636663932,0.131578492964336,1.27664867397998,0.934172721709503,1.76941415881568,219,"ANGPT2",0.298458532821544,FALSE,FALSE,FALSE,0.525116000272599,1.30102999566398,1,1.30102999566398,"ANGPT2",0.880815092106799,"ANGPT2","ENSG00000091879","protein_coding","ENSG00000091879","id"
"olink_MCP_3",0.236562592999589,0.160535998988926,1.47357972348562,0.140594784043307,1.2668868513866,0.928467391805166,1.74748699560132,219,"MCP_3",0.311317021810181,FALSE,FALSE,FALSE,0.506797132847419,1.30102999566398,1,1.30102999566398,"MCP_3",0.852030791003454,"MCP_3",NA,NA,NA,"unmatched"
"olink_VEGFC",-0.230377225618429,0.158600165546095,-1.45256611066698,0.14634426112761,0.794233940597394,0.577668478640317,1.0799873565654,219,"VEGFC",0.316512006624832,FALSE,FALSE,FALSE,0.499609810727172,1.30102999566398,1,1.30102999566398,"VEGFC",0.83462430370152,"VEGFC","ENSG00000150630","protein_coding","ENSG00000150630","id"
"olink_Gal_1",-0.22386373520797,0.160491329604557,-1.39486497968183,0.163056559409076,0.799424060301133,0.579202465562262,1.09170079566115,219,"Gal_1",0.344642273296457,FALSE,FALSE,FALSE,0.462631453720869,1.30102999566398,1,1.30102999566398,"Gal_1",0.787661725788617,"GAL_1",NA,NA,NA,"unmatched"
"olink_MCP_4",-0.206232702134833,0.162952355074532,-1.26560123687998,0.20565588304753,0.813643717621609,0.587029508997621,1.11568922904019,219,"MCP_4",0.425022158298229,FALSE,FALSE,FALSE,0.371588427653702,1.30102999566398,1,1.30102999566398,"MCP_4",0.686858862432294,"MCP_4",NA,NA,NA,"unmatched"
"olink_CCL4",-0.188244174383999,0.155717519215087,-1.20888243874464,0.226708013823185,0.828412405446432,0.607772056581367,1.12218261589085,219,"CCL4",0.451272363724137,FALSE,FALSE,FALSE,0.345561262202466,1.30102999566398,1,1.30102999566398,"CCL4",0.644533127876682,"CCL4","ENSG00000275824","protein_coding","ENSG00000275302","symbol"
"olink_CD4",-0.196548624218666,0.163061482060742,-1.2053651281389,0.228062377365962,0.821561382543711,0.587770926182089,1.12416820315667,219,"CD4",0.451272363724137,FALSE,FALSE,FALSE,0.345561262202466,1.30102999566398,1,1.30102999566398,"CD4",0.641946352820684,"CD4","ENSG00000010610","protein_coding","ENSG00000010610","id"
"olink_TNF",-0.185122387685677,0.156025198272113,-1.18649032166469,0.235428721337577,0.831002573146465,0.603257866695361,1.13106315001564,219,"TNF",0.456143147591556,FALSE,FALSE,FALSE,0.340898844938142,1.30102999566398,1,1.30102999566398,"TNF",0.62814055611649,"TNF","ENSG00000228978","protein_coding","ENSG00000232810","symbol"
"olink_CD70",-0.179305807438562,0.158081895683283,-1.13425896535174,0.25668593642214,0.835850251085144,0.610656338294442,1.13811197941191,219,"CD70",0.478984749886775,FALSE,FALSE,FALSE,0.319678313611438,1.30102999566398,1,1.30102999566398,"CD70",0.590597925257562,"CD70","ENSG00000125726","protein_coding","ENSG00000125726","id"
"olink_CCL20",0.173555749819043,0.153280513562681,1.13227536746262,0.257518682734825,1.18952700083614,0.880927387574076,1.61401707275261,219,"CCL20",0.478984749886775,FALSE,FALSE,FALSE,0.319678313611438,1.30102999566398,1,1.30102999566398,"CCL20",0.589191257829354,"CCL20","ENSG00000115009","protein_coding","ENSG00000115009","id"
"olink_IL33",-0.176400523950483,0.159701188573192,-1.10456613082524,0.269347633675679,0.838282164005774,0.608627406895331,1.14271032729449,219,"IL33",0.491163331996827,FALSE,FALSE,FALSE,0.308774063092171,1.30102999566398,1,1.30102999566398,"IL33",0.569686835548169,"IL33","ENSG00000137033","protein_coding","ENSG00000137033","id"
"olink_PD_L2",-0.174550401707719,0.165468747072787,-1.05488441047382,0.291478192968974,0.839834524068249,0.601097300722113,1.15325940768034,219,"PD_L2",0.52129753742528,FALSE,FALSE,FALSE,0.282914326646236,1.30102999566398,1,1.30102999566398,"PD_L2",0.535393931565372,"PD_L2",NA,NA,NA,"unmatched"
"olink_PTN",-0.230646682666158,0.226109379792723,-1.02006684940534,0.30769675756641,0.794019957495477,0.503492128111563,1.23028327770275,219,"PTN",0.531683061220106,FALSE,FALSE,FALSE,0.274347175562858,1.30102999566398,1,1.30102999566398,"PTN",0.511877080218046,"PTN","ENSG00000105894","protein_coding","ENSG00000105894","id"
"olink_CD27",-0.163796432624504,0.160913945166615,-1.0179132234618,0.308719196837481,0.848914815653065,0.616140334114556,1.16166114116776,219,"CD27",0.531683061220106,FALSE,FALSE,FALSE,0.274347175562858,1.30102999566398,1,1.30102999566398,"CD27",0.510436364293824,"CD27","ENSG00000139193","protein_coding","ENSG00000139193","id"
"olink_IFN_beta",-0.184762699016217,0.191814218454311,-0.963237764671892,0.335428217334443,0.831301529118632,0.534251144774478,1.1500709455067,219,"IFN_beta",0.563987790332999,FALSE,FALSE,FALSE,0.248730297875525,1.30102999566398,1,1.30102999566398,"IFN_beta",0.474400405900541,"IFN_BETA",NA,NA,NA,"unmatched"
"olink_IL5",-0.148072718867669,0.15505891025991,-0.95494492138162,0.339605551168258,0.862368402208151,0.631381788096638,1.16455859800071,219,"IL5",0.563987790332999,FALSE,FALSE,FALSE,0.248730297875525,1.30102999566398,1,1.30102999566398,"IL5",0.46902521942326,"IL5","ENSG00000113525","protein_coding","ENSG00000113525","id"
"olink_TNFRSF21",-0.144146418398943,0.158179617188454,-0.911283141033325,0.3621462069977,0.865760975442618,0.632471285791047,1.17996400838439,219,"TNFRSF21",0.572066375877132,FALSE,FALSE,FALSE,0.242553577842028,1.30102999566398,1,1.30102999566398,"TNFRSF21",0.441116059099452,"TNFRSF21","ENSG00000146072","protein_coding","ENSG00000146072","id"
"olink_CD8A",-0.143364608981638,0.157464205705869,-0.910458401253632,0.362580810349292,0.866438100183114,0.634161045686145,1.17920713737394,219,"CD8A",0.572066375877132,FALSE,FALSE,FALSE,0.242553577842028,1.30102999566398,1,1.30102999566398,"CD8A",0.44059518474119,"CD8A","ENSG00000153563","protein_coding","ENSG00000153563","id"
"olink_MIC_A_B",0.14309639823731,0.157281992072362,0.909807895690151,0.362923829857535,1.15384102454598,0.851242810183922,1.58480310685805,219,"MIC_A_B",0.572066375877132,FALSE,FALSE,FALSE,0.242553577842028,1.30102999566398,1,1.30102999566398,"MIC_A_B",0.440184514753819,"MIC_A_B",NA,NA,NA,"unmatched"
"olink_IL_21",0.145364753782052,0.163007560717638,0.89176694100621,0.372517864720781,1.15646131698566,0.842004127223356,1.60086486200456,219,"IL_21",0.577402690317211,FALSE,FALSE,FALSE,0.238521196923609,1.30102999566398,1,1.30102999566398,"IL_21",0.4288528950939,"IL_21",NA,NA,NA,"unmatched"
"olink_CSF_1",0.137839998961272,0.158566492405533,0.869288314764178,0.384689452659388,1.14779188768719,0.84429006997538,1.57709482119499,219,"CSF_1",0.586493755693822,FALSE,FALSE,FALSE,0.23173660738844,1.30102999566398,1,1.30102999566398,"CSF_1",0.414889720931608,"CSF_1",NA,NA,NA,"unmatched"
"olink_MCP_2",-0.125313822851235,0.154667904336627,-0.810212198766819,0.417818227573577,0.882219998342133,0.647553038865747,1.19196252572496,219,"MCP_2",0.626627530517746,FALSE,FALSE,FALSE,0.202990528558544,1.30102999566398,1,1.30102999566398,"MCP_2",0.37901261758226,"MCP_2",NA,NA,NA,"unmatched"
"olink_IL13",-0.121035559633736,0.1534959415542,-0.788526122633661,0.430389024848973,0.886002453109977,0.643368512140098,1.18704833292278,219,"IL13",0.626627530517746,FALSE,FALSE,FALSE,0.202990528558544,1.30102999566398,1,1.30102999566398,"IL13",0.36613881194274,"IL13","ENSG00000169194","protein_coding","ENSG00000169194","id"
"olink_LAP_TGF_beta_1",0.119848597758178,0.153144332523096,0.782585916067799,0.433870314668079,1.12732615895035,0.836104482646634,1.52794977404799,219,"LAP_TGF_beta_1",0.626627530517746,FALSE,FALSE,FALSE,0.202990528558544,1.30102999566398,1,1.30102999566398,"LAP_TGF_beta_1",0.362640063207679,"LAP_TGF_BETA_1",NA,NA,NA,"unmatched"
"olink_TNFRSF9",-0.124111205083104,0.160012715211943,-0.775633392125831,0.437965478318855,0.88328161001612,0.642859290048187,1.20810266623419,219,"TNFRSF9",0.626627530517746,FALSE,FALSE,FALSE,0.202990528558544,1.30102999566398,1,1.30102999566398,"TNFRSF9",0.358560120469623,"TNFRSF9","ENSG00000049249","protein_coding","ENSG00000049249","id"
"olink_ANG_1",0.108421415805437,0.153073844800887,0.70829484910677,0.478762175142671,1.11451732165087,0.825620082395271,1.51084959826112,219,"ANG_1",0.660824689933357,FALSE,FALSE,FALSE,0.17991373914182,1.30102999566398,1,1.30102999566398,"ANG_1",0.319880168574141,"ANG_1",NA,NA,NA,"unmatched"
"olink_TIE2",-0.109332306162791,0.155741497615284,-0.702011396043375,0.482672056528246,0.896432477960453,0.657243106229147,1.21519198620781,219,"TIE2",0.660824689933357,FALSE,FALSE,FALSE,0.17991373914182,1.30102999566398,1,1.30102999566398,"TIE2",0.316347843188495,"TEK","ENSG00000120156","protein_coding","ENSG00000120156","id"
"olink_IL4",-0.106578078856679,0.154816710205314,-0.688414569172396,0.491191751757222,0.898904859957431,0.658481541357826,1.2135858341519,219,"IL4",0.660824689933357,FALSE,FALSE,FALSE,0.17991373914182,1.30102999566398,1,1.30102999566398,"IL4",0.308748934612003,"IL4","ENSG00000113520","protein_coding","ENSG00000113520","id"
"olink_IFN_gamma",-0.122322345778642,0.178409150477997,-0.685628206013615,0.492947590223217,0.884863090644096,0.615862544018425,1.24039795052991,219,"IFN_gamma",0.660824689933357,FALSE,FALSE,FALSE,0.17991373914182,1.30102999566398,1,1.30102999566398,"IFN_gamma",0.307199252095573,"IFN_GAMMA",NA,NA,NA,"unmatched"
"olink_CASP_8",0.105642013401416,0.15567770999031,0.678594343454769,0.497394927906828,1.11142393040866,0.81952048020207,1.51324019525522,219,"CASP_8",0.660824689933357,FALSE,FALSE,FALSE,0.17991373914182,1.30102999566398,1,1.30102999566398,"CASP_8",0.303298647681498,"CASP_8",NA,NA,NA,"unmatched"
"olink_CAIX",-0.102985175502418,0.157766462264704,-0.652769758693244,0.513904722435267,0.902140347159783,0.650450906479353,1.22164086815206,219,"CAIX",0.673142805443378,FALSE,FALSE,FALSE,0.171892791590389,1.30102999566398,1,1.30102999566398,"CAIX",0.289117391425249,"CA9","ENSG00000107159","protein_coding","ENSG00000107159","id"
"olink_VEGFR_2",-0.0817087106412813,0.162155231579357,-0.503891917919984,0.614337330294051,0.921540354502926,0.668771815305978,1.26743036068824,219,"VEGFR_2",0.793519051629816,FALSE,FALSE,FALSE,0.100442641790829,1.30102999566398,1,1.30102999566398,"VEGFR_2",0.211593093913496,"VEGFR_2",NA,NA,NA,"unmatched"
"olink_TNFRSF4",-0.0752909863399557,0.154905461120395,-0.486044751394778,0.626935437218004,0.927473564920674,0.68238213809012,1.25678467649015,219,"TNFRSF4",0.798698570702388,FALSE,FALSE,FALSE,0.0976170927512286,1.30102999566398,1,1.30102999566398,"TNFRSF4",0.202777181184708,"TNFRSF4","ENSG00000186827","protein_coding","ENSG00000186827","id"
"olink_CXCL5",-0.07354916154974,0.159984135143724,-0.459727844161961,0.645711580902618,0.929090469141449,0.677293722949861,1.27248676887717,219,"CXCL5",0.802807205402745,FALSE,FALSE,FALSE,0.0953887382615214,1.30102999566398,1,1.30102999566398,"CXCL5",0.189961424408781,"CXCL5","ENSG00000163735","protein_coding","ENSG00000163735","id"
"olink_PGF",-0.0712057878631761,0.16001336203601,-0.444999011064787,0.656320468798237,0.931270228296903,0.678928042015477,1.27667570233816,219,"PGF",0.802807205402745,FALSE,FALSE,FALSE,0.0953887382615214,1.30102999566398,1,1.30102999566398,"PGF",0.182884051102661,"PGF","ENSG00000119630","protein_coding","ENSG00000119630","id"
"olink_MMP7",0.0730179639274366,0.165300431205833,0.44172881700783,0.658685454170899,1.07574986143358,0.777439838621017,1.49103821276392,219,"MMP7",0.802807205402745,FALSE,FALSE,FALSE,0.0953887382615214,1.30102999566398,1,1.30102999566398,"MMP7",0.181321927029208,"MMP7","ENSG00000137673","protein_coding","ENSG00000137673","id"
"olink_CCL17",0.0670643466246662,0.157014723807157,0.427121387081085,0.669290916137598,1.06936428594314,0.785450130645609,1.4578260607971,219,"CCL17",0.802807205402745,FALSE,FALSE,FALSE,0.0953887382615214,1.30102999566398,1,1.30102999566398,"CCL17",0.174385069360891,"CCL17","ENSG00000102970","protein_coding","ENSG00000102970","id"
"olink_CCL3",-0.0650687933925991,0.154340335769158,-0.421592923640652,0.67332217227327,0.937003001544803,0.690692865702752,1.26911419693683,219,"CCL3",0.802807205402745,FALSE,FALSE,FALSE,0.0953887382615214,1.30102999566398,1,1.30102999566398,"CCL3",0.171777084124976,"CCL3","ENSG00000274221","protein_coding","ENSG00000277632","symbol"
"olink_PD_L1",0.0626589401956602,0.158480686519148,0.395372720625422,0.692567838313931,1.06466366332177,0.780257432190365,1.45676124560783,219,"PD_L1",0.815301379280957,FALSE,FALSE,FALSE,0.0886818229604025,1.30102999566398,1,1.30102999566398,"PD_L1",0.159537680223896,"PD_L1",NA,NA,NA,"unmatched"
"olink_CD40",0.0597086848642203,0.157253573153083,0.379696840377008,0.70417046585125,1.06152726253937,0.780438302795551,1.45073334728265,219,"CD40",0.818598166552078,FALSE,FALSE,FALSE,0.0869292323968417,1.30102999566398,1,1.30102999566398,"CD40",0.152322193958833,"CD40","ENSG00000101017","protein_coding","ENSG00000101017","id"
"olink_CD40_L",0.0526472318954697,0.155046409618089,0.339557891247856,0.734189493691181,1.0540577415738,0.778507414602271,1.43482656058403,219,"CD40_L",0.841406246394197,FALSE,FALSE,FALSE,0.0749942682110332,1.30102999566398,1,1.30102999566398,"CD40_L",0.134191834575416,"CD40_L",NA,NA,NA,"unmatched"
"olink_CXCL12",-0.0506071467356617,0.153653897017451,-0.329358042444664,0.741885077465851,0.950652063949786,0.701746179082878,1.28577008501862,219,"CXCL12",0.841406246394197,FALSE,FALSE,FALSE,0.0749942682110332,1.30102999566398,1,1.30102999566398,"CXCL12",0.129663364381252,"CXCL12","ENSG00000107562","protein_coding","ENSG00000107562","id"
"olink_ADA",-0.0407154880176143,0.15358592550364,-0.265099083031859,0.790933133709707,0.960102251687673,0.698966953163927,1.29846209088561,219,"ADA",0.886226282349431,FALSE,FALSE,FALSE,0.0524553744690717,1.30102999566398,1,1.30102999566398,"ADA",0.101860230646933,"ADA","ENSG00000196839","protein_coding","ENSG00000196839","id"
"olink_CX3CL1",-0.0352468793231711,0.156197285951091,-0.225656157266444,0.821468859959692,0.965367057670064,0.709561590378252,1.31265550532251,219,"CX3CL1",0.909483380669659,FALSE,FALSE,FALSE,0.0412052325536647,1.30102999566398,1,1.30102999566398,"CX3CL1",0.0854088950457182,"CX3CL1","ENSG00000006210","protein_coding","ENSG00000006210","id"
"olink_CXCL9",0.0374632211683917,0.181394004129121,0.206529545164703,0.836377288476734,1.03817381355979,0.727777502193185,1.4871959916976,219,"CXCL9",0.915095150921603,FALSE,FALSE,FALSE,0.0385337459644468,1.30102999566398,1,1.30102999566398,"CXCL9",0.0775977688040892,"CXCL9","ENSG00000138755","protein_coding","ENSG00000138755","id"
"olink_Gal_9",-0.0248349263800302,0.15880709524256,-0.156384236750238,0.875730161554558,0.975470923255091,0.711607792614842,1.33152125984715,219,"Gal_9",0.939961539175213,FALSE,FALSE,FALSE,0.0268899162574273,1.30102999566398,1,1.30102999566398,"Gal_9",0.057629692234618,"GAL_9",NA,NA,NA,"unmatched"
"olink_IL_1_alpha",0.021040347033212,0.156554553804087,0.134396263295809,0.893089236287736,1.02126325574879,0.743953870027176,1.38642938624406,219,"IL_1_alpha",0.939961539175213,FALSE,FALSE,FALSE,0.0268899162574273,1.30102999566398,1,1.30102999566398,"IL_1_alpha",0.0491051448168069,"IL_1_ALPHA",NA,NA,NA,"unmatched"
"olink_IL2",0.0212253712760537,0.160540018509528,0.132212338537845,0.89481634205328,1.02145223169145,0.743901335656514,1.39955652365663,219,"IL2",0.939961539175213,FALSE,FALSE,FALSE,0.0268899162574273,1.30102999566398,1,1.30102999566398,"IL2",0.0482660929719732,"IL2","ENSG00000109471","protein_coding","ENSG00000109471","id"
"olink_FGF2",0.0196745147858488,0.155836262859525,0.126251197409578,0.899533085877354,1.01986933360964,0.751964697618019,1.3892188619742,219,"FGF2",0.939961539175213,FALSE,FALSE,FALSE,0.0268899162574273,1.30102999566398,1,1.30102999566398,"FGF2",0.0459828581664496,"FGF2","ENSG00000138685","protein_coding","ENSG00000138685","id"
"olink_PDGF_subunit_B",-0.0166477291606025,0.152748228715898,-0.108988034103925,0.913211981197524,0.98349007849459,0.725134780669844,1.33818707632263,219,"PDGF_subunit_B",0.943652380570775,FALSE,FALSE,FALSE,0.025187960154536,1.30102999566398,1,1.30102999566398,"PDGF_subunit_B",0.0394283992691463,"PDGF_SUBUNIT_B",NA,NA,NA,"unmatched"
"olink_EGF",0.0119937468298712,0.153926964564315,0.0779184262082936,0.937892941977087,1.01206596022566,0.746913203205545,1.3744091487168,219,"EGF",0.952268553679341,FALSE,FALSE,FALSE,0.0212405569373664,1.30102999566398,1,1.30102999566398,"EGF",0.0278467323694623,"EGF","ENSG00000138798","protein_coding","ENSG00000138798","id"
"olink_TNFRSF12A",0.0116861419444322,0.160701004648361,0.072719781497342,0.942029106865585,1.01175469166823,0.736816051649187,1.38897515141306,219,"TNFRSF12A",0.952268553679341,FALSE,FALSE,FALSE,0.0212405569373664,1.30102999566398,1,1.30102999566398,"TNFRSF12A",0.0259356781457463,"TNFRSF12A","ENSG00000006327","protein_coding","ENSG00000006327","id"
"olink_ADGRG1",0.00119723528424349,0.156142276986744,0.00766759206633788,0.993882206617979,1.00119795225651,0.733683037945037,1.36062838917147,219,"ADGRG1",0.993882206617979,FALSE,FALSE,FALSE,0.00266508446307098,1.30102999566398,1,1.30102999566398,"ADGRG1",0.00266508446307098,"ADGRG1","ENSG00000205336","protein_coding","ENSG00000205336","id"
