"","zscore_1p","zscore_1q","zscore_2p","zscore_2q","zscore_3p","zscore_3q","zscore_4p","zscore_4q","zscore_5p","zscore_5q","zscore_6p","zscore_6q","zscore_7p","zscore_7q","zscore_8p","zscore_8q","zscore_9p","zscore_9q","zscore_10p","zscore_10q","zscore_11p","zscore_11q","zscore_12p","zscore_12q","zscore_13q","zscore_14q","zscore_15q","zscore_16p","zscore_16q","zscore_17p","zscore_17q","zscore_18p","zscore_18q","zscore_19p","zscore_19q","zscore_20p","zscore_20q","zscore_21q","zscore_22q"
"GEMINI_score",-0.0117032317548881,0.198537429261705,-0.0398781040393794,-0.101103962702237,-0.337354362513708,0.274876209790655,-0.164244123604791,-0.235616833784716,0.326150398259821,-0.264310503543168,0.230111333244919,0.173818545408457,0.22430957781529,0.146448344098014,-0.126010048712054,0.240589228794458,0.113622286971489,0.184567337924422,-0.0374486172428311,-0.317334110395829,-0.0932815045800983,0.0736965657282627,0.19057236525567,0.269705344888085,-0.0962949542215862,0.198152927005109,-0.226746637173412,-0.0621357454031944,-0.237853977006898,-0.227945871161014,0.213786083109675,0.167950147324074,0.194352377973445,0.0862760977209922,0.243141001766946,0.0963608243001051,0.240181798335401,-0.0267589051260587,-0.254531945736226
"olink_CEA",-0.133764355689965,0.0899330040707302,-0.194967769706286,-0.0567888068483791,-0.431750122343065,0.140577833038863,-0.0770420787354408,-0.123237159318388,0.501385614646704,-0.291754788730635,0.360476528465187,0.296973671381034,0.375504876361686,0.259459108322757,-0.149695560511193,0.169593896845302,0.180988841908675,0.302944434045457,0.0174197275987625,-0.427701834534177,-0.104924717747009,0.0342646643885447,0.12715009803241,0.214155152943734,0.0966500504962929,0.398345055148578,-0.376002023891123,-0.132774151605637,-0.274329929593009,-0.108527170533516,0.393697665540349,0.0390064132254884,0.0948364978989484,0.0360949477603273,0.219038659278859,-0.000561248225621378,0.256646029819962,-0.302797841279031,-0.317837840699608
"olink_MMP12",-0.0465520149518845,0.339630633528661,-0.244087262528385,-0.070609710166289,-0.434834930277977,0.344768586659669,-0.184543397259631,-0.198701030482753,0.505619507565834,-0.354604381859497,0.484210557091283,0.406021986835345,0.327417875362441,0.323947013927825,-0.182948924592074,0.315698770138345,0.182214232762351,0.280044603296653,-0.0283737716734743,-0.453208548038645,-0.193278665398217,0.00386157367397457,0.355137804895831,0.406488978025135,-0.0991118257432662,0.315076157407386,-0.359194300122482,-0.104354309209654,-0.348373013566597,-0.234685032561391,0.361432786142265,0.244569127507231,0.260607371437008,0.124200871127106,0.411810809473883,0.104115202245963,0.341806251284652,-0.0552403635977198,-0.351149030635968
"olink_CD4",-0.043226665764451,0.071147477642839,-0.103539720593713,0.0377436428909383,-0.138794651002534,0.0964671120130465,0.0263617401681645,0.0390230961772895,0.235374647423125,-0.129581477629973,0.143470614339657,0.193642182141215,0.144561465017937,0.0752737506425315,-0.117556104075031,0.101852659920663,-0.0386482614130556,0.0961758613552758,-0.0974350563102689,-0.177678591466031,-0.195063731606577,-0.0432278932281343,0.0279401488660133,0.125183711577729,0.0737774103478389,0.192467119491131,-0.0766802860096402,0.0628408202104546,-0.00164619168809153,0.0149921473086126,0.0883526758712465,0.141514184580861,0.104352294783539,-0.00702273189242482,0.112150126534352,0.0580417371499664,0.0593615471305886,-0.137498998057063,-0.0552923516648135
"olink_CD5",-0.0706653118795858,0.0183980463564787,-0.0880778384250137,0.0884005059353265,-0.0630526906739641,-0.0025047020347521,0.0994199664547642,0.112639831304829,0.120253829902161,-0.0906722965765704,0.0646594822312102,0.17250685980144,0.0795476879851061,0.0534558496575067,-0.00641882506661347,0.0416809910981163,-0.0882662325426883,0.0987335724002102,-0.0166236753452782,-0.0754486060636527,-0.111859751758223,-0.127196501069757,-0.077705304782139,0.0221267791814294,0.0185851021006297,0.148959465914375,-0.0280116043421378,0.0670391718873434,0.0433762826614851,0.113870161747286,0.0669975765408355,0.121548276692513,0.115879839578046,0.0380944449159658,0.0184943020627925,0.0860740108048011,-0.0763145565505255,-0.0629860265763776,0.00529769583876191
"olink_CD8A",-0.0507579202577038,0.040322646320937,0.00404723052098838,0.115794159227532,-0.0749363179355149,-0.00424772997562785,0.0756810110252743,0.103327484067832,0.0899766893209732,-0.0539961447862529,0.0735740952025887,0.105319964137613,0.147225116446029,0.109561322256892,-0.130886880554025,0.0214789636288779,-0.0391728325542682,0.134605869921226,0.0731351088151805,-0.0735515961298997,-0.120048704477295,-0.115358958123104,-0.0566734586786112,-0.02201330741459,0.089348639549796,0.109513123393704,-0.0201464621139765,0.0408735010532231,0.0447658245136251,0.109935698927115,0.0840970023871025,-0.00594003259662125,0.0123925046490274,0.077408453633127,0.0171331901751572,0.0621657357040123,-0.0416353394307147,-0.0779689314583647,0.0250880777927463
"olink_CD27",-0.0631519418308969,0.0385203837088237,-0.0987465903567407,0.0548481863988059,-0.0536641933017982,0.0748318543558323,0.0547413437033131,0.0638117272216806,0.148383384942936,-0.0655404466695993,0.112944325946671,0.20349369863636,0.0372978605914312,0.0191237289079946,-0.0276482290302628,0.0738686903778913,-0.0565053915100869,0.0409816883266253,-0.0880874634971072,-0.0602473132943244,-0.112853789263707,-0.084351403669318,-0.0292947147802903,0.0599319751691849,-0.00215226694662977,0.127572864291086,-0.00983490024373472,0.0645802156253674,0.0113915293146928,0.06449572924176,0.0853861422318353,0.110437419936763,0.0625593387677439,-7.00131968036692e-05,0.0557316196547494,0.0467272144417636,0.0185841080797048,-0.020804304908908,-0.0150506272482121
"olink_CD28",0.0348575901553911,0.0158716449097705,0.0264846251967878,0.169425816248389,-0.0212006646544558,0.0321571082844026,0.130113518816817,0.0975220265902682,0.0469421197730453,-0.0578457870397962,-0.0272680191190101,0.113606860032874,-0.000685365535941383,-0.00624290556229826,-0.0204310646371607,0.0120267354747377,-0.100074040531077,0.0400528615994168,-0.0179956259268388,-0.0246016673260244,-0.111482133498281,-0.0478097103408826,-0.0647685959373522,-0.0966676966988826,-0.00104758995631618,0.0536340406214532,-0.0171979132945242,0.106365665281531,0.0548542762498806,0.0542305240252097,-0.035570852667024,0.11920013137875,0.0329212032615347,0.0389196760975749,-0.0181731384168815,0.182510728430681,-0.0678872739578347,0.0162837997689874,0.0157726716104816
"olink_CRTAM",0.101876577317561,0.00526975574331607,0.0424187801770447,0.0910346474452039,-0.0203407613619562,0.0508340673660249,0.131856564469838,0.105239635844043,0.0266661394795115,-0.0187567321657055,-0.0297321834990416,0.0792588208788701,-0.0410476912131744,-0.0484417681439224,-0.0469169333722941,0.0330164895897638,-0.0541725093208978,0.00424094765514045,-0.0720271792498307,-0.0243058794792531,-0.107345763839896,-0.100018101527548,-0.104061846081074,-0.053325196877881,0.0512960265985654,0.0505261798950831,0.0666351323621944,0.147087957126294,0.0881461432260176,0.108931690519366,-0.0426794576704142,0.0523615764782009,0.0360617567046398,0.0374247666643166,0.0259667308878318,0.134076084805626,-0.0663875271894344,0.0621894922715,0.0853250168460243
"olink_CD40",-0.095048256854138,0.0312416895112569,-0.0869405087150067,-0.0050910310135249,-0.0486076566873385,0.0456644803867947,0.0139167384212761,0.016705217020834,0.0919515418224293,-0.0522275191711935,0.0595925831218856,0.135411226710091,0.0837667493833606,0.0292063363325052,-0.0311246470547231,0.118843932446665,-0.0651369513125679,-0.0287902311420831,-0.0203635698706824,-0.0262806208824109,-0.137540693536279,-0.061525080482395,0.00550167068306012,0.0841212610429114,-0.0283335624118518,0.0920797497442603,0.00443784014700118,0.0469628977758647,-0.00446358120222301,0.0342015811471574,0.0161173059878972,0.0983481566956316,0.0449361600681545,-0.033650709955546,0.0269088339906866,-0.0246224662524351,-0.0300847302730819,0.00576563530498957,-0.0221604372991319
"olink_CD83",-0.00716221562132528,0.0382844018819299,-0.0778082496074985,0.0904866235019903,-0.118783812616915,0.0695247935421444,0.10463607606598,0.103148215582058,0.196561417455718,-0.119566948290758,0.147774690799536,0.239762594224174,0.0965614918149257,0.0365434390658535,-0.0675282477956256,0.100613352719621,-0.0607388062427086,0.137219132130085,-0.0732060380969492,-0.127556462246085,-0.148507231312492,-0.153609787950209,-0.0412215845934984,0.0544201075584566,0.042995122642267,0.207109313504378,-0.0630689414743455,0.120713380112666,0.0338850940952801,0.134787436421027,0.106167338465933,0.124352317262303,0.153315734012933,0.0293993941066288,0.105161194074346,0.106346860637157,-0.00328456177935363,-0.0509103304781448,-0.0126806087868832
"olink_LAMP3",0.073936547782903,-0.065455958039233,0.0130526784351219,0.131439728601092,-0.026891597574971,0.00586654899990883,0.113726674198548,0.133065418086823,0.0592568081119285,-0.00944907847862224,0.0352381913132802,0.112935667296213,-0.0337278286656967,-0.0109613125392001,-0.0294919196595356,0.031730004010783,0.0203456621660343,0.0650536811255558,-0.0130651428069174,-0.0429588431769301,-0.034390825050922,-0.0908912214126426,-0.0575051123067848,-0.00863379410837003,0.0443384476646542,0.0516699925338757,-0.00782776568811598,0.0816029562276272,0.0283774545662278,0.0945543975207466,0.0431162907955762,-0.0265594839849811,0.012000652248624,0.0776688044224578,0.000937884548582016,0.147715823484724,-0.0507525585544862,0.0581582349308975,0.0644001535853423
"olink_NCR1",0.0472418408545883,-0.00363965508447219,-0.0175587550610447,0.0686110347419568,-0.0410962019542942,0.0203061398593176,0.122450297122571,0.13896409350581,0.0796021052372118,0.0164488958988029,0.0212801881865211,0.142433373572484,0.0131670002138594,-0.0507714563554831,-0.089896251023645,0.059910091948598,-0.12194944136581,0.0401415862775202,-0.0988096568000988,0.0032576241030788,-0.18242170477929,-0.113713233129657,-0.0461031389841607,0.0125310580095725,0.0741252700723722,0.0918077389897378,0.0943847642944873,0.196245500518826,0.144873991878689,0.148296500141519,0.0210196448159514,0.120177275872829,0.0506791614233351,-0.0797784465720111,0.00840059084999712,0.0645013161142501,-0.0367046787333721,0.00443527152880393,0.0953873814979048
"olink_KLRD1",0.0866093462821287,-0.0485221018613448,0.0214069188058983,0.0296442444029307,-0.00342956966101742,-0.0248690140833049,0.148709327003283,0.127876169156335,-0.00980609893800889,0.0231809088710415,-0.0729559844384727,0.0231477575458342,-0.0354179104087625,-0.0629287464021731,0.001477231319957,-0.0150189709036942,-0.0634305839148053,0.00991603797304874,-0.0842722195190207,0.00377971585207454,-0.0809422675022591,-0.110822705221823,-0.157558229871117,-0.0902142489588204,0.084139946551978,0.059888563504029,0.0636736919271839,0.147787904289288,0.133804775162128,0.13973187764042,-0.0680276898044125,0.0466760309053757,0.0437090463608697,-0.0104338318806076,0.00867617524195796,0.0603941030398712,-0.105694913423256,0.00922232201689267,0.0831042134416096
"olink_PD_L1",-0.082502470095267,0.0387475495546601,-0.0839829339626728,0.0397149291790072,-0.0848324593952083,0.0551284311199227,0.0237603395666012,0.043507535002513,0.14891315156195,-0.0841480010920175,0.110745276617828,0.157601861599264,0.110336678051984,0.0740614071199986,-0.052561217965641,0.0883455981855029,-0.0374179732283301,0.0715653134122292,-0.0410345470313171,-0.0913073757963132,-0.122212391433135,-0.0728082197997057,0.0145028695597358,0.038833103641607,-0.0103385699159398,0.140492700402579,-0.0872976435026029,0.0531303717241946,-0.0205630970379242,0.021062449767818,0.0759315677849215,0.0974838477928152,0.0726466704780526,0.0135032652957678,0.0879826692466213,0.00593496980042621,0.0110898728253331,-0.0485786510809202,-0.0782180279373245
"olink_PD_L2",0.0186865830807661,-0.00673452634856524,-0.0209128984149576,0.0301259376527933,-0.0410364391599635,0.074692239346381,0.0630486864867326,0.0647499698309004,0.0983533776707797,-0.0248096871727368,0.0389604273503194,0.110804687515051,0.0345950085279542,-0.0416673420133179,-0.0391586674186655,0.0599863827255565,-0.0550471509366352,0.0277937671516852,-0.0883063719618257,-0.0463654627129713,-0.080610195777315,-0.0758726247203612,-0.0451479059925712,0.0256871294264723,0.0718564666474539,0.127177828664327,0.0181960055243967,0.111791266781667,0.0681643117447088,0.100761542501109,0.0244484966358347,0.0715129968564223,0.0382071110889431,-0.0348913719028315,0.0427778848166841,0.028838766968341,-0.00230605643527976,-0.0353974662012618,0.0436144671104097
"olink_PDCD1",0.0497219201209644,-0.0118311840744995,-0.0535718457017017,0.0455506795948442,-0.0158458659283476,0.0086438528324217,0.110409531199671,0.100412519887462,0.0734193320221072,-0.026930688290063,0.0268425120740711,0.0999937794441703,-0.0205089725670898,-0.0296781870170179,-0.0228199288751119,0.0497404865100321,-0.0283565002215132,0.0531972709080726,-0.0666350023093476,-0.045294180522575,-0.100510449181621,-0.0777373688883037,-0.0575316094259314,-0.00489525906139963,0.0113280583803401,0.0919076879477442,0.0206669016844404,0.102328042402748,0.0490921049940922,0.0571016678730694,0.00989875446965783,0.086892046463784,0.0426741580104507,0.00109572244126801,0.0528889743272363,0.107912589273193,-0.0661307264490747,0.0206078182812581,0.0287300582874013
"olink_ICOSLG",-0.000728960729828755,-0.0774310072852781,-0.0218113762866187,0.0468637792979171,0.0718862336081082,-0.0696033455945286,0.0765808132616137,0.122807467407404,-0.0147474765812531,0.0398125299566501,-0.0187413596355299,0.0632881785668069,-0.0858719101894945,-0.0664674404143757,0.0191322323287449,-0.0348477378612334,-0.0837504612445535,0.0201279017296983,-0.0670116748900506,0.0505828658715051,-0.0201698934774338,-0.0901551019572519,-0.107814704474845,-0.0425808880718791,0.0281074480753075,0.0102910735929566,0.0675412220915494,0.0926249613579357,0.106751908671976,0.115301602780419,-0.0330000959919896,0.0232987987627632,0.0388552020030805,-0.0118729066125865,-0.0494622181555662,0.00942828682397496,-0.108882805153866,0.000598137179597658,0.0733641416006308
"olink_GZMA",0.0993452293652362,-0.100789389904201,-0.0802794178250934,0.0472015515318774,-0.0418494535417908,-0.0516893453097793,0.140349821709827,0.170322056182493,0.0144380946370222,0.0667953283311666,-0.0108206072127069,0.137361777863775,-0.0500504784794657,-0.00944449296552963,-0.058136059637364,-0.0370658866618161,-0.0090143921181303,0.0744668855551886,-0.000104217560840773,0.0011972686796199,-0.114241383956273,-0.0980453370776923,-0.0414247396757796,0.0493903097006427,0.103059375245081,0.051746568245594,0.0884198429269795,0.161837983640944,0.114051324106268,0.152682143093342,-0.00730046178235723,0.0462818193686057,0.00473427936377756,0.0583155601581556,0.011109368792481,0.151973802578188,-0.074888714655343,0.0987345385760393,0.121200075035094
"olink_GZMB",0.0323859006990032,-0.0895076417377358,-0.0858500227542902,0.0242489252435172,-0.133601659359276,0.0145325717345625,0.0598186794994918,0.0682277443265484,0.111572979760095,-0.0693763385083289,0.0970751474826804,0.177759205030839,0.0366261288608208,0.0760217281490958,-0.0461876363670345,0.0163941141638739,0.0558640003524125,0.210854553932737,0.0285975224685347,-0.119936831302371,-0.0213192125815234,-0.0629401180953961,-0.0315819561644733,0.0355601055729371,0.106722535265668,0.121666957119824,-0.0812523081105255,0.0727629883441984,-0.0156991373552306,0.0747909090639942,0.108015355009381,0.0225805864563133,0.0464142728976882,0.147702887894537,0.0709424353961357,0.0982670038085217,-0.00866874884840971,-0.0243363290930624,-0.0124070848255011
"olink_GZMH",0.0128268802408698,0.00409793410962666,-0.0595348495185132,0.0350955318968692,-0.138656587533669,0.0628643200153105,0.0451967714158287,0.0230345048162211,0.108224464465552,-0.0894686314478105,0.0881501573024157,0.15700594034363,0.0746226016079133,0.102544853785781,-0.0564838495160525,0.040684359977132,0.055162953570098,0.157340982029614,0.0695171410068118,-0.125143713395641,-0.031172855330376,-0.0522953639005537,-0.0248350055043479,0.0334587334747084,0.0656182099698755,0.105191534828272,-0.0751186586634897,0.0344767279681367,-0.0471676316545325,0.0606229283652853,0.0873114469344957,0.0213161207631432,0.0345599696213579,0.187277890817042,0.0772040081493341,0.102945719626376,0.015125241575036,0.000567412921765896,-0.0359466427984203
"olink_VEGFA",-0.0673321573642436,0.0606779282275259,-0.147963540632071,0.0432083875113452,-0.195253557520137,0.12340152900329,0.00980836485463689,0.0216580039342781,0.220643407239038,-0.137954412252976,0.178243143112922,0.237132318150723,0.166173996400384,0.129126594468027,-0.0918425398473159,0.0936899913691679,0.0210455383255204,0.149248385560105,-0.00229545994586562,-0.164954877110182,-0.144669245720606,-0.0581985751938799,0.050161203765652,0.118290656771141,0.0853742291595651,0.212443082529858,-0.0986613244754339,0.00400515832881926,-0.0672375527568419,0.0399491134985691,0.195210595129782,0.11295274122409,0.0583700139126405,0.0828252219673916,0.103678407395038,0.0559322387485688,0.071918361995386,-0.0996166158950514,-0.0778455133345735
"olink_VEGFC",0.141505139354246,-0.0883983977814604,-0.0207486352006627,0.0089488441772466,0.168249934930316,-0.0555900915621393,0.0949566627279694,0.108861973174873,-0.107928561322101,0.164810494101795,-0.0523637126822488,-0.0137406317264823,-0.248228950205561,-0.257482421568134,0.0517334348335998,-0.0212905159894651,-0.0407561925733181,-0.129121458681684,-0.165287117954548,0.167683249028243,0.00414997776568989,-0.0594310061118504,-0.112655495042582,-0.0454068230443974,-0.0554052197816194,-0.0827176811432315,0.179434161221315,0.151592706366326,0.125503968876636,0.0690278937794241,-0.0980855479870246,0.00153135206550922,-0.0441036844766229,-0.194594806502778,-0.0812550979054607,9.42468139315649e-05,-0.063781336004325,0.218227038945466,0.145730983348473
"olink_VEGFR_2",0.0665860354441145,-0.122622544795644,0.00765770213050572,0.0648142587568872,0.0307680402752639,-0.0448766991847311,0.0797526667493499,0.170544741459563,0.00341664003124978,0.0985592927899334,-0.00124833463339949,0.0851032080895063,-0.0578053406254677,-0.0840222902353475,-0.0588292867371967,0.00725658129530372,-0.0621357132394582,0.0265885271333388,-0.0924420748186723,0.0538289761629571,-0.0708483313115055,-0.10953805252505,-0.0291734938013583,-0.0084021545090075,0.100255664248118,0.0130821416529852,0.112861645891585,0.177837044403052,0.145324689680395,0.14621091364152,0.00552334976463572,-0.0165005618536754,0.000259733578327951,-0.0768701426884108,-0.0354808404917974,0.0216381524936558,-0.0652533298960698,0.0512750745823901,0.142548777953112
"olink_ANG_1",0.0703766125287732,-0.0307172632815995,-0.0215590284679982,-0.0327418130326033,0.0763477329515612,-0.00376007694431539,0.0175007298175316,0.0242053859118645,-0.0650866928870776,0.105434093498282,-0.0459844114790131,-0.00129075774601366,-0.132672151015043,-0.140722684836519,0.00291131469729511,0.0278330723674233,-0.0778071990978135,-0.100920401065029,-0.121590336393576,0.121206882239373,-0.0384844670231284,0.029326835529473,-0.0311383706187639,-0.0385830026429771,-0.0423203271301432,-0.104670453248609,0.149165378707644,0.122378864486594,0.062067920894821,-0.0100866731747528,-0.0385999297171739,0.0227933809909873,-0.0540163448623167,-0.133875490707072,-0.0757002090389726,-0.0468376598200394,-0.0258947263071535,0.123867547041326,0.0726906196052546
"olink_ANGPT2",-0.0711117476586182,0.114412868182557,-0.221884686839054,-0.010673130554365,-0.274922674326896,0.115376909065394,-0.0104829841770323,-0.0027789939066951,0.314371613472965,-0.182280273797156,0.255627871847075,0.266001535586625,0.2238437580161,0.237314401952195,-0.0696057427270081,0.0845894586393801,0.0867747714142793,0.221465163358764,0.0171474353750471,-0.253196083217681,-0.160243453598414,-0.0362889878520633,0.119898037690959,0.169196540785301,0.0586697064285658,0.2546756572715,-0.228486266058214,-0.0356239630104928,-0.13433435642894,-0.0309578022125017,0.240035687795468,0.137472527084572,0.119714001456079,0.165258128731434,0.231819675881478,0.0516427692985247,0.135119433812532,-0.141613588020498,-0.198382513212358
"olink_TIE2",-0.142637173260261,-0.04297846753525,-0.0770463449354852,0.134029854702413,-0.0446127534390093,-0.0409202905717209,0.068887324521766,0.138174563244538,0.108985759983395,-0.046727769362082,0.0628556332853643,0.187787607427888,0.132789099067844,0.0967101816619176,-0.0740657106394281,0.0032034365979315,-0.107138453485367,0.107750860905292,0.0285436823437636,-0.0216863251803536,-0.129608166428915,-0.0978432454703531,-0.050061103395558,0.00820893749067009,0.123553311374034,0.108468333160303,0.0281375803133114,0.0544557303535822,0.0750782574257717,0.161994405108218,0.103868889814277,0.0344100717366365,0.0194028662184085,0.0926983075680982,-0.039559998352732,0.0552119694030936,-0.0805569727736037,-0.139814054757359,0.0460933818991058
"olink_PGF",-0.0958893338676477,0.0986182927478692,-0.134582501302883,0.0299476701799481,-0.141484284188159,0.117167157286397,0.0216298741501019,0.0488588963725184,0.236862675832073,-0.141102916062519,0.186923397619203,0.251932197473025,0.147938291616275,0.0880820917937491,-0.0815485725695153,0.168193886050098,-0.0537422467902577,0.0868432690069436,-0.0870921870816092,-0.146340544248004,-0.201958609303128,-0.167836346344575,0.0213735840626772,0.142709770484915,-0.0212637026454129,0.236718416537678,-0.0815585044816613,0.0689680169182448,-0.0107833338651318,0.0621815659426817,0.128692984760879,0.183822703666009,0.145692662521128,0.0145500948582594,0.162770163829312,0.0144055752676388,0.0259775184672704,-0.0637940411103384,-0.07225713336402
"olink_NOS3",-0.109653290322688,0.17084305369752,-0.137467386988038,-0.0204586555139913,-0.176493315054461,0.0738660648731348,0.0236528791368787,-0.0695588036430797,0.173945220894788,-0.212234379304598,0.0981085140886285,0.132223537967123,0.231542177782419,0.172520704634966,0.00822265448780989,0.111356751040635,-0.00947928329784748,0.101919059667422,0.0697642404049893,-0.174610822741013,-0.141650083197516,-0.0186895780795846,-0.0166894219908692,0.061402498393569,-0.110476980187672,0.176773060418818,-0.181776319491143,-0.072301792116471,-0.151776512549606,-0.0962856762503749,0.0705211147646083,0.171374822004644,0.110043830913175,0.088397309335033,0.127642196344067,0.0817517463178526,-0.00165792424416952,-0.0707684806263272,-0.189727080787418
"olink_TRAIL",-0.00674002942811445,-0.17595437200595,-0.0488980331710483,0.0760201857557137,0.0461779577399637,-0.0688341820932673,0.0786702660274321,0.145467607800886,-0.0205745967125056,0.0605688931771001,-0.013647347970513,0.0929023011543271,-0.0944712876746079,-0.0881889977931317,0.0142150106005833,-0.0378551510266347,-0.0465440366957716,0.0278629604298194,-0.0606267131899475,0.0558969827641696,-0.00301632433443998,-0.101573557284609,-0.0507857636637666,-0.0390889908134259,0.106519996982348,0.0418460864439582,0.0810317818425839,0.110015032006043,0.120624251893245,0.155585125647696,0.000327913359795257,-0.0117599541402251,-0.00385177909546307,-0.00996085904439503,-0.0609037867946431,0.0106800681699552,-0.0888359173399569,-0.0190148641484749,0.0924603882152065
"olink_FASLG",0.202196505878455,-0.178733229007108,0.0833498515987075,0.112052402431938,0.0615925694296283,-0.0863240454841159,0.226591112847355,0.248952451859421,-0.0815436979651716,0.15973598978,-0.102752646073739,0.0472872421145689,-0.173767814107172,-0.178654164608138,-0.0541246792760395,-0.0814496052354036,-0.0948789525295849,0.0503541884574416,-0.0961242762277172,0.105367408414349,-0.0606232377727764,-0.118265933963165,-0.128535535219889,-0.120259177061988,0.174595792417494,-0.0145635317052445,0.190957384631186,0.289985481083509,0.275933859081784,0.257844027862362,-0.0730889035349341,-0.00518068829080519,-0.0279190315290994,-0.0454604880882342,-0.0673783065394516,0.116263993787161,-0.107047894863641,0.0889630730438818,0.235602260423616
"olink_TWEAK",0.0327417429942331,-0.164174207818038,0.0539004196565719,0.083780065653861,0.0678106557766392,-0.063261889162986,0.0857762459367102,0.146398751377932,-0.0686411280334266,0.0759751692095223,-0.0636042008751427,0.0452734138321033,-0.103367971008515,-0.0981199496572457,-0.0392894921882869,-0.0229198312909849,-0.0791707987070853,0.0111690403214645,-0.0498941981639519,0.0776539229199974,0.0160766818624182,-0.0792417234441603,-0.120756105784933,-0.0654499031852969,0.120978648206628,-0.0335075757248728,0.133652526856772,0.130324951757279,0.135952144434545,0.181322904189808,-0.0388418250834173,-0.0736320357400681,-0.0296537041997835,-0.0162202293626578,-0.130989112657368,-0.00300457621723154,-0.12682989405743,0.0197136108090863,0.174983500718052
"olink_CASP_8",-0.0818169679351997,-0.0480022296024039,-0.124423536911289,-0.0662333144148133,-0.0361916229779251,-0.0842398425545721,0.0437224238853842,0.0280593770338414,0.0247381327022691,-0.0162758518709502,0.0398100471617816,0.0427456511071153,0.103469004401417,0.0307026579699182,0.125003334489581,0.0497506107522033,0.0551421756136551,-0.00950376937920495,0.082247552644484,0.00123482945853711,-0.0825011096100883,-0.0248861692523306,0.110156756241965,0.0688829858938319,-0.034190106633314,0.0853993362263327,-0.00131969743096286,-0.0536119288022797,-0.0081443852499587,0.0189757751895274,0.0345588117084039,0.068462209502137,0.0392372072827497,-0.0228033608203582,0.0211752441687014,-0.0157343602551492,-0.0859306340832223,-0.0304587625476462,-0.0636743422676865
"olink_IL2",0.0177980759124104,-0.0115777014863806,0.0312894970425318,0.0538097492919499,-0.10780944281706,0.103517597722717,-0.0177078380962307,-0.0198588573225046,0.111627397744541,-0.0563333545178677,0.104442920733979,0.0997756399635869,0.0286139120338019,-0.0140529557815188,-0.0100774570263525,0.0643457491566508,0.0769574424115981,0.0622196022522456,-0.0674314798001625,-0.0868457164152812,0.00839175890938585,-0.0317613771720645,0.0725800124352208,0.0908145706771219,0.0416302914371657,0.0692125033913646,-0.0799418463120325,0.0273101343450497,-0.027753231401711,0.039135228207684,0.0844315477472623,0.0366899639325857,0.0774007434704192,0.0660148010432355,0.124107804578435,0.0609530854984977,0.115747290961632,-0.0157146663700348,-0.0867933049828535
"olink_IL4",-0.0313682991664659,0.0115482857108213,0.0158931796421574,-0.0343859366417505,-0.0629057490853344,0.0892218202632484,-0.0284055855422273,-0.0431448544905654,0.0403353161521838,-0.0852428272609757,-0.00544538100342783,0.0415130002817722,0.0422916547215733,-0.0073745307511747,-0.0137064046290267,0.0646538400573053,-0.0431776612933285,-0.011507467476747,-0.0254394589092566,-0.0713203852876013,-0.0195508749496067,-0.095368553792587,-0.0338552253637624,0.0843401371535222,0.0360013473379516,0.0783481732548589,-0.0119409045706568,0.00501236504947953,0.0214415033247202,0.0690169005221633,-0.0563075678605323,0.0995063808690128,0.1363611578089,0.00649073344832743,0.0444715189419253,0.00599214777065548,-0.0171650953168589,-0.0500710840226685,-0.0217627200963869
"olink_IL5",0.0383335159519674,-0.0432688062018736,-0.018521893668513,0.0838990058043626,0.0109358503297529,0.0292265247040656,0.0208015916353626,0.0586143034216224,-0.0113621646963265,0.0496334583632025,-0.00233713335716144,0.0355057147337752,-0.0521059562800688,-0.0587041149298053,-0.0314227305455688,-0.0814548330444549,-0.0214004482344312,0.00771296518648166,-0.0368330909222395,0.0484415993767226,0.0244524706399026,-0.0391234128746873,-0.0531253391696662,-0.0427769266579023,0.1093044476763,-0.00809471906370634,0.0496844374285861,0.0145481006800663,0.0607436720313344,0.0684816155790401,0.0221802648131875,0.0246780911035552,-0.0152578816429052,-0.00552672776071001,-0.0704150791354583,0.0290276752549703,0.016626929378224,-0.0220902681505287,0.064490311344555
"olink_IL6",-0.0283351785626678,0.164115372961002,-0.0912338791821413,-0.0272982203345279,-0.273315770934893,0.228036340025594,-0.0979884864954575,-0.10370852389637,0.25847302426058,-0.173002336846163,0.198449227829545,0.215960493737519,0.206083646017015,0.182709969871757,-0.158241316122583,0.180078766082455,0.0747105844928429,0.111124190583426,0.00468789645681765,-0.248229398772324,-0.165782027675318,-0.0306594018259084,0.168252517057462,0.22296209064064,-0.00162142454609608,0.178975066626793,-0.186987282266376,-0.0124064272663984,-0.159313953630771,-0.107051984670376,0.138567881608499,0.150841094197666,0.0872529906463348,0.0898436516694362,0.223229016330923,0.055078438085378,0.172813286555285,-0.0168865031068626,-0.177354190171376
"olink_IL7",-0.037313594771616,0.0644188298905435,-0.0551986113675809,-0.0328968820050125,-0.0233950178763118,0.0816052400705899,-0.0581106867409002,-0.0291717918525053,0.0633129632035917,-0.032760843530475,0.0794418581028083,0.0577139081648667,0.0260965559792972,0.00497873807275059,-0.0664127359540485,0.104158831878286,-0.0135056126606142,-0.0388329081850171,-0.0706444128222015,-0.026775790310747,-0.10430043341835,-0.0415054229064207,0.0103225199800456,0.0668567376888576,-0.0612009966241118,0.0453407130898347,-0.0132280488881744,0.0157128317689624,-0.0478457741238525,-0.0516610821184902,0.0250335088764795,0.0626816751192184,0.010797250549685,-0.0673555251112115,0.0464258793569467,-0.077334595366972,0.0252570359359309,0.045771591129329,-0.053057997751955
"olink_IL8",-0.0477539145597362,0.0760316454558031,-0.128969151404167,-0.0613321407186241,-0.114195095660507,0.067448142839007,-0.0104044387166643,-0.0291564419958768,0.13636908735927,-0.0779939521358164,0.136922848689002,0.140959013848674,0.11525506030575,0.0737603673994635,0.0252880299879767,0.0957548170251032,0.0349359207114068,0.0535233410784443,0.0228499267420027,-0.0917965996539161,-0.0766785257117956,-0.00331592454827933,0.14659149665842,0.159659716540618,-0.00909558443800515,0.123892719835839,-0.0236959523737466,-0.0250046030491134,-0.047277085756044,-0.0047125506004702,0.12711800095138,0.11742484500424,0.0904803573025237,0.00799135623876317,0.0807033321982351,0.0205890554794231,0.0745840477404466,-0.0282355852288133,-0.055399609296997
"olink_IL10",-0.147756260484593,0.0803400777792205,-0.151788576542667,-0.0392295438131777,-0.1274660022714,0.112285171956813,-0.0788378033007993,-0.0742475085875965,0.17778887412406,-0.150637554994078,0.184525521846604,0.186068481081532,0.161227784269865,0.118060467952054,-0.0927993263493093,0.18307528381053,0.0479772147810663,0.0515429335688418,0.012890704915914,-0.14227032886238,-0.0937308876006065,-0.0581530084242027,0.051751153154255,0.184274726765032,-0.0683111244164867,0.152083931013604,-0.107641244053393,-0.0575590363997761,-0.140546069626582,-0.0500524414247659,0.10574387697097,0.106133712423213,0.0859202693431462,0.0401198864687985,0.111202302130697,-0.0247953092020235,0.0450196065971443,-0.0200706038135894,-0.133377655966499
"olink_IL12",0.127167930568021,-0.0171402399214066,-0.031918434373968,0.142205929214112,-0.110063678519057,0.0115466858723654,0.184403701300351,0.197800451040459,0.158282072563029,0.0041407854321093,0.0998036048695559,0.190873152178942,0.0283214856254195,-0.0200156656464811,-0.13445731446094,0.0176081611701821,-0.0335351749521562,0.183195108321227,-0.0930320060193924,-0.074585608038215,-0.16268133993922,-0.0915055516362591,-0.0203382187404126,0.015101521854844,0.1696163297316,0.150504314029549,0.0276662518892178,0.222108020508554,0.12978249413271,0.175427213442556,0.129187248892656,0.0740565337226622,0.0465275763893736,-0.0116019238073509,0.0613930390557469,0.164625942374462,0.0373155438755438,-0.0303831632860988,0.0996973397119291
"olink_IL13",0.050680045980906,0.0968457504414952,0.0436101753649575,-0.059494841876966,-0.0842749325350195,-0.0101970375750605,0.0100297523232297,-0.0298716573943072,-0.00265887956056944,-0.0580557943845988,-0.0159575614127674,-0.0286564120814951,0.0811028725241573,0.0556627281155293,0.0088904806621615,0.0921209058302023,-0.0497114204745411,0.0296084039466586,0.0485957227409736,-0.0532771681409515,-0.102022050320996,-0.000217714118680446,0.0512649738249335,0.0490196745878768,-0.0778131637386474,-0.0271755281381691,0.0202111290300989,0.00725735573487346,0.0129258665681393,-0.0156144935813909,-0.0114892059513992,0.0852081336715892,0.122398870840654,-0.00781848595163297,0.0107445233185169,0.0597273235607265,-0.0536309896445705,0.00219795291744248,-0.0278683488004108
"olink_IL18",-0.0389894386529087,-0.0345586633739201,-0.0689396750080816,0.0144045269523928,-0.071330580645799,0.0277719362719911,0.0152921734547732,0.0200914298435743,0.0751860142152411,-0.0544896644401984,0.0481673480210721,0.126382117203635,0.0486071297772115,0.0430813303112677,-0.0444803601915915,0.0494790767597907,-0.0138836250608633,0.0707850054595009,0.0203384116366991,-0.0555778063958695,-0.102551564844703,-0.0372175462358079,0.0278507310767858,0.0735326599140521,0.0325482712258303,0.0617010377282941,-0.010659120181971,0.0348724620736229,0.0156650190366307,0.0382119169367851,0.036970962928343,0.0681199946199246,0.0440888703810067,0.0695841716882004,0.0303917594509015,0.0670501705844248,-0.0188942807820577,-0.0404909829188473,-0.0249625429841564
"olink_IL33",-0.0260873665792804,-0.0318439443660724,-0.0520192049519994,0.0201984699212975,-0.0304187639323063,-0.00414731066826452,0.0648942414770836,0.0545482376505491,0.058143288730014,-0.0547757335338677,-0.000238039779599182,0.0828923840434456,0.0211700594551555,0.0130263446241683,-0.0411420610392897,0.0382674767583521,-0.0577695706424832,0.0553406212378981,-0.0107987103333247,-0.0489507469534085,-0.0612347269463249,-0.00593004416301995,-0.0404397506136907,-0.00489856397889582,0.0348891861997751,0.064047009991585,-0.00672634172448999,0.0740843026418841,0.00469934061411058,0.0312174795328352,-0.00582558901062465,0.0198796985291063,0.00201130687172302,0.0229986135314736,0.00285834873353682,0.0377332328685685,-0.0646845278637191,-0.00739184886733362,0.0244458805457723
"olink_IL_1_alpha",0.0168549815576751,-0.0106535859982775,0.0616730153494244,0.0643395435307084,0.0341142531183011,-0.0147698513371622,0.00795811599183638,0.0559143441537532,-0.0319656178858502,0.0457143907620419,-0.00633715896828353,0.00942190329615044,-0.00710606481429443,-0.0488639669079021,0.0397101532104034,0.0124345670351972,-0.0451905266459023,-0.0309915354648456,-0.00410408240389284,0.0591311721410416,-0.0426480276427395,-0.0536233773486319,0.0628752002440017,-0.00827928164279388,-0.031507611973162,-0.0235911202990284,0.0735680502788629,0.0338648165352746,0.0588039172625561,0.0316050516523604,-0.00979152445496411,-0.0153452829581712,-0.00852088196906643,-0.0501587808667384,-0.0728040963430471,0.0297122102354967,-0.0362970617116491,0.0699067786485006,0.0612676476439797
"olink_IL_21",-0.0468634759410176,0.0757027705999547,-0.103309629854809,-0.0446054020143704,-0.203212926035066,0.096507869600895,-0.052862451074758,-0.0652467219141973,0.161484546796748,-0.169556251577187,0.129601443351371,0.172841156554987,0.144347011436106,0.112790233583417,-0.0427664201473614,0.13916056433674,-0.0458967341652845,0.144185249639132,0.0191313253993053,-0.15831851543641,-0.122347238540352,-0.0265398974603302,0.0312802466939391,0.132634738899114,-0.0621111206796898,0.090496652459594,-0.153561123740043,-0.0010665375880069,-0.110645169551514,-0.0596870597133724,0.10805043540742,0.16068553520567,0.174845565181109,0.0698910123143292,0.0905338035446844,0.0255120877625663,0.0201955880461723,-0.0483351082580612,-0.131841320970969
"olink_IL_35",0.0131142504180396,-0.0832235224745007,0.037749008248405,-0.0118983304227672,0.0552266809678334,-0.00753257506038917,0.126102717417901,0.0245277266219096,-0.0228580517764518,0.0227797000827891,-0.0209042076629438,-0.0256360113540225,-0.0532763136935318,-0.164838456317695,0.157104164125763,0.0366684822057385,0.0338122630721766,-0.083336748826699,-0.0883283144481275,0.0868417427368374,0.0317615051303744,0.0323406563883061,-0.0333593325169013,-0.0649753594116205,0.052712605104653,0.0506859871856605,0.099343093320846,0.0327170209854596,0.0841522038166505,0.109589832571224,0.0252676327011249,-0.0503110790640424,-0.0625332518324585,-0.0932563020920768,-0.0480317302575271,-0.0409958609931912,-0.0275051350713838,-0.0475397966003727,0.0641890068348387
"olink_IL12RB1",-0.0601630979274582,0.0585222035374545,-0.090794804362624,0.0508547162584301,-0.128275294474045,0.0305241478909377,0.119882850856093,0.0749219334505138,0.156365430152063,-0.148202905415997,0.0684260725583187,0.168093978328106,0.153913609956658,0.0665456960651872,0.0173287687652769,0.0736363578172335,-0.0582980666542463,0.109498910873014,-0.00514717914734787,-0.123157834740881,-0.176419232730811,-0.148735885999071,-0.0439409971677044,0.0190656914047149,0.0252579015518407,0.234233363359822,-0.0837249211381856,0.056799579033143,0.0365096723948684,0.112383665172888,0.0470960071573821,0.171279516769849,0.163755874259604,0.0390873836088863,0.0840818332289831,0.0895194938515581,-0.0624139034022762,-0.108999910732316,-0.0599476391455096
"ichor",-0.278466296285854,0.616637063992838,-0.0507301840006031,-0.29401835872481,-0.665698081632798,0.613606317936509,-0.493517860811333,-0.606692294738167,0.687409104998206,-0.767412695456104,0.60996003049377,0.342390415673408,0.621014699854492,0.556081235727712,-0.269908131569059,0.608091345220467,0.305887754212115,0.39600496969597,0.0334550656933835,-0.768217953054187,0.071081962311954,0.29248324183169,0.337119142267251,0.562263026589629,-0.137071514039638,0.448578656026056,-0.548022472443253,-0.321541427444663,-0.69472400327671,-0.507264463878679,0.432843892469817,0.509712055039495,0.584974119025327,0.312865652307526,0.598343978391127,0.125037894288465,0.473517210844369,-0.0962973170727821,-0.637080734257136
